{
    "customers": [
        {
            "id": 1,
            "name": "Noura Ahmed"
        },
        {
            "id": 2,
            "name": "Ahmed Karim"
        },
        {
            "id": 3,
            "name": "Asmaa Mohamed"
        },
        {
            "id": 4,
            "name": "Dalida Ali"
        },
        {
            "id": 5,
            "name": "Mazen Eid"
        }
    ],
    "transactions": [
        {
            "id": 1,
            "customer_id": 1,
            "date": "2022-01-01",
            "amount": 1000
        },
        {
            "id": 2,
            "customer_id": 1,
            "date": "2022-01-02",
            "amount": 2000
        },
        {
            "id": 3,
            "customer_id": 2,
            "date": "2022-01-01",
            "amount": 550
        },
        {
            "id": 4,
            "customer_id": 3,
            "date": "2022-01-01",
            "amount": 500
        },
        {
            "id": 5,
            "customer_id": 2,
            "date": "2022-01-02",
            "amount": 1300
        },
        {
            "id": 6,
            "customer_id": 4,
            "date": "2022-01-01",
            "amount": 750
        },
        {
            "id": 7,
            "customer_id": 3,
            "date": "2022-01-02",
            "amount": 1250
        },
        {
            "id": 8,
            "customer_id": 5,
            "date": "2022-01-01",
            "amount": 2500
        },
        {
            "id": 9,
            "customer_id": 5,
            "date": "2022-01-02",
            "amount": 875
        }
    ]
}